run-id,use_vernalisation_fix,yields,bgr,nc_mode,crop-id,sim.json,crop.json,site.json,incl_hist,climate_path_to_latlon_file,climate_path_to_csvs,gcm,rcm,scenario,ensmem,version,start_date,end_date,groundwater-level,impenetrable-layer,elevation,slope,latitude,landcover,fertilization,NitrogenResponseOn,irrigation,WaterDeficitResponseOn,EmergenceMoistureControlOn,EmergenceFloodingControlOn,LeafExtensionModifier,CO2,O3,FieldConditionModifier
1,true,false,false,false,WW,sim.json,crop.json,site.json,true,dwd_core_ensemble,dwd_core_ensemble/csvs_dwd_core_ensemble,CCCma-CanESM2,CLMcom-CCLM4-8-17,rcp85,r1i1p1,v1,1970-01-01,2099-12-31,false,false,true,true,true,false,false,false,false,true,false,false,false,,,
2,true,false,false,false,WG,sim.json,crop.json,site.json,true,dwd_core_ensemble,dwd_core_ensemble/csvs_dwd_core_ensemble,CCCma-CanESM2,CLMcom-CCLM4-8-17,rcp85,r1i1p1,v1,1970-01-01,2099-12-31,false,false,true,true,true,false,false,false,false,true,false,false,false,,,
3,true,false,false,false,WR,sim.json,crop.json,site.json,true,dwd_core_ensemble,dwd_core_ensemble/csvs_dwd_core_ensemble,CCCma-CanESM2,CLMcom-CCLM4-8-17,rcp85,r1i1p1,v1,1970-01-01,2099-12-31,false,false,true,true,true,false,false,false,false,true,false,false,false,,,
4,false,false,false,false,WRa,sim.json,crop.json,site.json,true,dwd_core_ensemble,dwd_core_ensemble/csvs_dwd_core_ensemble,CCCma-CanESM2,CLMcom-CCLM4-8-17,rcp85,r1i1p1,v1,1970-01-01,2099-12-31,false,false,true,true,true,false,false,false,false,true,false,false,false,,,
5,false,false,false,false,SG,sim.json,crop.json,site.json,true,dwd_core_ensemble,dwd_core_ensemble/csvs_dwd_core_ensemble,CCCma-CanESM2,CLMcom-CCLM4-8-17,rcp85,r1i1p1,v1,1970-01-01,2099-12-31,false,false,true,true,true,false,false,false,false,true,false,false,false,,,
6,true,false,false,false,ZR,sim.json,crop.json,site.json,true,dwd_core_ensemble,dwd_core_ensemble/csvs_dwd_core_ensemble,CCCma-CanESM2,CLMcom-CCLM4-8-17,rcp85,r1i1p1,v1,1970-01-01,2099-12-31,false,false,true,true,true,false,false,false,false,true,false,false,false,,,
7,true,false,false,false,SM,sim.json,crop.json,site.json,true,dwd_core_ensemble,dwd_core_ensemble/csvs_dwd_core_ensemble,CCCma-CanESM2,CLMcom-CCLM4-8-17,rcp85,r1i1p1,v1,1970-01-01,2099-12-31,false,false,true,true,true,false,false,false,false,true,false,false,false,,,
8,false,false,false,false,KA,sim.json,crop.json,site.json,true,dwd_core_ensemble,dwd_core_ensemble/csvs_dwd_core_ensemble,CCCma-CanESM2,CLMcom-CCLM4-8-17,rcp85,r1i1p1,v1,1970-01-01,2099-12-31,false,false,true,true,true,false,false,false,false,true,false,false,false,,,
9,true,false,false,false,WW,sim.json,crop.json,site.json,true,dwd_core_ensemble,dwd_core_ensemble/csvs_dwd_core_ensemble,ICHEC-EC-EARTH,CLMcom-CCLM4-8-17,rcp26,r12i1p1,v1,1970-01-01,2099-12-31,false,false,true,true,true,false,false,false,false,true,false,false,false,,,
10,true,false,false,false,WG,sim.json,crop.json,site.json,true,dwd_core_ensemble,dwd_core_ensemble/csvs_dwd_core_ensemble,ICHEC-EC-EARTH,CLMcom-CCLM4-8-17,rcp26,r12i1p1,v1,1970-01-01,2099-12-31,false,false,true,true,true,false,false,false,false,true,false,false,false,,,
11,true,false,false,false,WR,sim.json,crop.json,site.json,true,dwd_core_ensemble,dwd_core_ensemble/csvs_dwd_core_ensemble,ICHEC-EC-EARTH,CLMcom-CCLM4-8-17,rcp26,r12i1p1,v1,1970-01-01,2099-12-31,false,false,true,true,true,false,false,false,false,true,false,false,false,,,
12,false,false,false,false,WRa,sim.json,crop.json,site.json,true,dwd_core_ensemble,dwd_core_ensemble/csvs_dwd_core_ensemble,ICHEC-EC-EARTH,CLMcom-CCLM4-8-17,rcp26,r12i1p1,v1,1970-01-01,2099-12-31,false,false,true,true,true,false,false,false,false,true,false,false,false,,,
13,false,false,false,false,SG,sim.json,crop.json,site.json,true,dwd_core_ensemble,dwd_core_ensemble/csvs_dwd_core_ensemble,ICHEC-EC-EARTH,CLMcom-CCLM4-8-17,rcp26,r12i1p1,v1,1970-01-01,2099-12-31,false,false,true,true,true,false,false,false,false,true,false,false,false,,,
14,true,false,false,false,ZR,sim.json,crop.json,site.json,true,dwd_core_ensemble,dwd_core_ensemble/csvs_dwd_core_ensemble,ICHEC-EC-EARTH,CLMcom-CCLM4-8-17,rcp26,r12i1p1,v1,1970-01-01,2099-12-31,false,false,true,true,true,false,false,false,false,true,false,false,false,,,
15,true,false,false,false,SM,sim.json,crop.json,site.json,true,dwd_core_ensemble,dwd_core_ensemble/csvs_dwd_core_ensemble,ICHEC-EC-EARTH,CLMcom-CCLM4-8-17,rcp26,r12i1p1,v1,1970-01-01,2099-12-31,false,false,true,true,true,false,false,false,false,true,false,false,false,,,
16,false,false,false,false,KA,sim.json,crop.json,site.json,true,dwd_core_ensemble,dwd_core_ensemble/csvs_dwd_core_ensemble,ICHEC-EC-EARTH,CLMcom-CCLM4-8-17,rcp26,r12i1p1,v1,1970-01-01,2099-12-31,false,false,true,true,true,false,false,false,false,true,false,false,false,,,
17,true,false,false,false,WW,sim.json,crop.json,site.json,true,dwd_core_ensemble,dwd_core_ensemble/csvs_dwd_core_ensemble,ICHEC-EC-EARTH,KNMI-RACMO22E,rcp26,r12i1p1,v1,1970-01-01,2099-12-31,false,false,true,true,true,false,false,false,false,true,false,false,false,,,
18,true,false,false,false,WG,sim.json,crop.json,site.json,true,dwd_core_ensemble,dwd_core_ensemble/csvs_dwd_core_ensemble,ICHEC-EC-EARTH,KNMI-RACMO22E,rcp26,r12i1p1,v1,1970-01-01,2099-12-31,false,false,true,true,true,false,false,false,false,true,false,false,false,,,
19,true,false,false,false,WR,sim.json,crop.json,site.json,true,dwd_core_ensemble,dwd_core_ensemble/csvs_dwd_core_ensemble,ICHEC-EC-EARTH,KNMI-RACMO22E,rcp26,r12i1p1,v1,1970-01-01,2099-12-31,false,false,true,true,true,false,false,false,false,true,false,false,false,,,
20,false,false,false,false,WRa,sim.json,crop.json,site.json,true,dwd_core_ensemble,dwd_core_ensemble/csvs_dwd_core_ensemble,ICHEC-EC-EARTH,KNMI-RACMO22E,rcp26,r12i1p1,v1,1970-01-01,2099-12-31,false,false,true,true,true,false,false,false,false,true,false,false,false,,,
21,false,false,false,false,SG,sim.json,crop.json,site.json,true,dwd_core_ensemble,dwd_core_ensemble/csvs_dwd_core_ensemble,ICHEC-EC-EARTH,KNMI-RACMO22E,rcp26,r12i1p1,v1,1970-01-01,2099-12-31,false,false,true,true,true,false,false,false,false,true,false,false,false,,,
22,true,false,false,false,ZR,sim.json,crop.json,site.json,true,dwd_core_ensemble,dwd_core_ensemble/csvs_dwd_core_ensemble,ICHEC-EC-EARTH,KNMI-RACMO22E,rcp26,r12i1p1,v1,1970-01-01,2099-12-31,false,false,true,true,true,false,false,false,false,true,false,false,false,,,
23,true,false,false,false,SM,sim.json,crop.json,site.json,true,dwd_core_ensemble,dwd_core_ensemble/csvs_dwd_core_ensemble,ICHEC-EC-EARTH,KNMI-RACMO22E,rcp26,r12i1p1,v1,1970-01-01,2099-12-31,false,false,true,true,true,false,false,false,false,true,false,false,false,,,
24,false,false,false,false,KA,sim.json,crop.json,site.json,true,dwd_core_ensemble,dwd_core_ensemble/csvs_dwd_core_ensemble,ICHEC-EC-EARTH,KNMI-RACMO22E,rcp26,r12i1p1,v1,1970-01-01,2099-12-31,false,false,true,true,true,false,false,false,false,true,false,false,false,,,
25,true,false,false,false,WW,sim.json,crop.json,site.json,true,dwd_core_ensemble,dwd_core_ensemble/csvs_dwd_core_ensemble,ICHEC-EC-EARTH,KNMI-RACMO22E,rcp45,r1i1p1,v1,1970-01-01,2099-12-31,false,false,true,true,true,false,false,false,false,true,false,false,false,,,
26,true,false,false,false,WG,sim.json,crop.json,site.json,true,dwd_core_ensemble,dwd_core_ensemble/csvs_dwd_core_ensemble,ICHEC-EC-EARTH,KNMI-RACMO22E,rcp45,r1i1p1,v1,1970-01-01,2099-12-31,false,false,true,true,true,false,false,false,false,true,false,false,false,,,
27,true,false,false,false,WR,sim.json,crop.json,site.json,true,dwd_core_ensemble,dwd_core_ensemble/csvs_dwd_core_ensemble,ICHEC-EC-EARTH,KNMI-RACMO22E,rcp45,r1i1p1,v1,1970-01-01,2099-12-31,false,false,true,true,true,false,false,false,false,true,false,false,false,,,
28,false,false,false,false,WRa,sim.json,crop.json,site.json,true,dwd_core_ensemble,dwd_core_ensemble/csvs_dwd_core_ensemble,ICHEC-EC-EARTH,KNMI-RACMO22E,rcp45,r1i1p1,v1,1970-01-01,2099-12-31,false,false,true,true,true,false,false,false,false,true,false,false,false,,,
29,false,false,false,false,SG,sim.json,crop.json,site.json,true,dwd_core_ensemble,dwd_core_ensemble/csvs_dwd_core_ensemble,ICHEC-EC-EARTH,KNMI-RACMO22E,rcp45,r1i1p1,v1,1970-01-01,2099-12-31,false,false,true,true,true,false,false,false,false,true,false,false,false,,,
30,true,false,false,false,ZR,sim.json,crop.json,site.json,true,dwd_core_ensemble,dwd_core_ensemble/csvs_dwd_core_ensemble,ICHEC-EC-EARTH,KNMI-RACMO22E,rcp45,r1i1p1,v1,1970-01-01,2099-12-31,false,false,true,true,true,false,false,false,false,true,false,false,false,,,
31,true,false,false,false,SM,sim.json,crop.json,site.json,true,dwd_core_ensemble,dwd_core_ensemble/csvs_dwd_core_ensemble,ICHEC-EC-EARTH,KNMI-RACMO22E,rcp45,r1i1p1,v1,1970-01-01,2099-12-31,false,false,true,true,true,false,false,false,false,true,false,false,false,,,
32,false,false,false,false,KA,sim.json,crop.json,site.json,true,dwd_core_ensemble,dwd_core_ensemble/csvs_dwd_core_ensemble,ICHEC-EC-EARTH,KNMI-RACMO22E,rcp45,r1i1p1,v1,1970-01-01,2099-12-31,false,false,true,true,true,false,false,false,false,true,false,false,false,,,
33,true,false,false,false,WW,sim.json,crop.json,site.json,true,dwd_core_ensemble,dwd_core_ensemble/csvs_dwd_core_ensemble,ICHEC-EC-EARTH,KNMI-RACMO22E,rcp45,r12i1p1,v1,1970-01-01,2099-12-31,false,false,true,true,true,false,false,false,false,true,false,false,false,,,
34,true,false,false,false,WG,sim.json,crop.json,site.json,true,dwd_core_ensemble,dwd_core_ensemble/csvs_dwd_core_ensemble,ICHEC-EC-EARTH,KNMI-RACMO22E,rcp45,r12i1p1,v1,1970-01-01,2099-12-31,false,false,true,true,true,false,false,false,false,true,false,false,false,,,
35,true,false,false,false,WR,sim.json,crop.json,site.json,true,dwd_core_ensemble,dwd_core_ensemble/csvs_dwd_core_ensemble,ICHEC-EC-EARTH,KNMI-RACMO22E,rcp45,r12i1p1,v1,1970-01-01,2099-12-31,false,false,true,true,true,false,false,false,false,true,false,false,false,,,
36,false,false,false,false,WRa,sim.json,crop.json,site.json,true,dwd_core_ensemble,dwd_core_ensemble/csvs_dwd_core_ensemble,ICHEC-EC-EARTH,KNMI-RACMO22E,rcp45,r12i1p1,v1,1970-01-01,2099-12-31,false,false,true,true,true,false,false,false,false,true,false,false,false,,,
37,false,false,false,false,SG,sim.json,crop.json,site.json,true,dwd_core_ensemble,dwd_core_ensemble/csvs_dwd_core_ensemble,ICHEC-EC-EARTH,KNMI-RACMO22E,rcp45,r12i1p1,v1,1970-01-01,2099-12-31,false,false,true,true,true,false,false,false,false,true,false,false,false,,,
38,true,false,false,false,ZR,sim.json,crop.json,site.json,true,dwd_core_ensemble,dwd_core_ensemble/csvs_dwd_core_ensemble,ICHEC-EC-EARTH,KNMI-RACMO22E,rcp45,r12i1p1,v1,1970-01-01,2099-12-31,false,false,true,true,true,false,false,false,false,true,false,false,false,,,
39,true,false,false,false,SM,sim.json,crop.json,site.json,true,dwd_core_ensemble,dwd_core_ensemble/csvs_dwd_core_ensemble,ICHEC-EC-EARTH,KNMI-RACMO22E,rcp45,r12i1p1,v1,1970-01-01,2099-12-31,false,false,true,true,true,false,false,false,false,true,false,false,false,,,
40,false,false,false,false,KA,sim.json,crop.json,site.json,true,dwd_core_ensemble,dwd_core_ensemble/csvs_dwd_core_ensemble,ICHEC-EC-EARTH,KNMI-RACMO22E,rcp45,r12i1p1,v1,1970-01-01,2099-12-31,false,false,true,true,true,false,false,false,false,true,false,false,false,,,
41,true,false,false,false,WW,sim.json,crop.json,site.json,true,dwd_core_ensemble,dwd_core_ensemble/csvs_dwd_core_ensemble,ICHEC-EC-EARTH,KNMI-RACMO22E,rcp85,r1i1p1,v1,1970-01-01,2099-12-31,false,false,true,true,true,false,false,false,false,true,false,false,false,,,
42,true,false,false,false,WG,sim.json,crop.json,site.json,true,dwd_core_ensemble,dwd_core_ensemble/csvs_dwd_core_ensemble,ICHEC-EC-EARTH,KNMI-RACMO22E,rcp85,r1i1p1,v1,1970-01-01,2099-12-31,false,false,true,true,true,false,false,false,false,true,false,false,false,,,
43,true,false,false,false,WR,sim.json,crop.json,site.json,true,dwd_core_ensemble,dwd_core_ensemble/csvs_dwd_core_ensemble,ICHEC-EC-EARTH,KNMI-RACMO22E,rcp85,r1i1p1,v1,1970-01-01,2099-12-31,false,false,true,true,true,false,false,false,false,true,false,false,false,,,
44,false,false,false,false,WRa,sim.json,crop.json,site.json,true,dwd_core_ensemble,dwd_core_ensemble/csvs_dwd_core_ensemble,ICHEC-EC-EARTH,KNMI-RACMO22E,rcp85,r1i1p1,v1,1970-01-01,2099-12-31,false,false,true,true,true,false,false,false,false,true,false,false,false,,,
45,false,false,false,false,SG,sim.json,crop.json,site.json,true,dwd_core_ensemble,dwd_core_ensemble/csvs_dwd_core_ensemble,ICHEC-EC-EARTH,KNMI-RACMO22E,rcp85,r1i1p1,v1,1970-01-01,2099-12-31,false,false,true,true,true,false,false,false,false,true,false,false,false,,,
46,true,false,false,false,ZR,sim.json,crop.json,site.json,true,dwd_core_ensemble,dwd_core_ensemble/csvs_dwd_core_ensemble,ICHEC-EC-EARTH,KNMI-RACMO22E,rcp85,r1i1p1,v1,1970-01-01,2099-12-31,false,false,true,true,true,false,false,false,false,true,false,false,false,,,
47,true,false,false,false,SM,sim.json,crop.json,site.json,true,dwd_core_ensemble,dwd_core_ensemble/csvs_dwd_core_ensemble,ICHEC-EC-EARTH,KNMI-RACMO22E,rcp85,r1i1p1,v1,1970-01-01,2099-12-31,false,false,true,true,true,false,false,false,false,true,false,false,false,,,
48,false,false,false,false,KA,sim.json,crop.json,site.json,true,dwd_core_ensemble,dwd_core_ensemble/csvs_dwd_core_ensemble,ICHEC-EC-EARTH,KNMI-RACMO22E,rcp85,r1i1p1,v1,1970-01-01,2099-12-31,false,false,true,true,true,false,false,false,false,true,false,false,false,,,
49,true,false,false,false,WW,sim.json,crop.json,site.json,true,dwd_core_ensemble,dwd_core_ensemble/csvs_dwd_core_ensemble,ICHEC-EC-EARTH,SMHI-RCA4,rcp45,r12i1p1,v1,1970-01-01,2099-12-31,false,false,true,true,true,false,false,false,false,true,false,false,false,,,
50,true,false,false,false,WG,sim.json,crop.json,site.json,true,dwd_core_ensemble,dwd_core_ensemble/csvs_dwd_core_ensemble,ICHEC-EC-EARTH,SMHI-RCA4,rcp45,r12i1p1,v1,1970-01-01,2099-12-31,false,false,true,true,true,false,false,false,false,true,false,false,false,,,
51,true,false,false,false,WR,sim.json,crop.json,site.json,true,dwd_core_ensemble,dwd_core_ensemble/csvs_dwd_core_ensemble,ICHEC-EC-EARTH,SMHI-RCA4,rcp45,r12i1p1,v1,1970-01-01,2099-12-31,false,false,true,true,true,false,false,false,false,true,false,false,false,,,
52,false,false,false,false,WRa,sim.json,crop.json,site.json,true,dwd_core_ensemble,dwd_core_ensemble/csvs_dwd_core_ensemble,ICHEC-EC-EARTH,SMHI-RCA4,rcp45,r12i1p1,v1,1970-01-01,2099-12-31,false,false,true,true,true,false,false,false,false,true,false,false,false,,,
53,false,false,false,false,SG,sim.json,crop.json,site.json,true,dwd_core_ensemble,dwd_core_ensemble/csvs_dwd_core_ensemble,ICHEC-EC-EARTH,SMHI-RCA4,rcp45,r12i1p1,v1,1970-01-01,2099-12-31,false,false,true,true,true,false,false,false,false,true,false,false,false,,,
54,true,false,false,false,ZR,sim.json,crop.json,site.json,true,dwd_core_ensemble,dwd_core_ensemble/csvs_dwd_core_ensemble,ICHEC-EC-EARTH,SMHI-RCA4,rcp45,r12i1p1,v1,1970-01-01,2099-12-31,false,false,true,true,true,false,false,false,false,true,false,false,false,,,
55,true,false,false,false,SM,sim.json,crop.json,site.json,true,dwd_core_ensemble,dwd_core_ensemble/csvs_dwd_core_ensemble,ICHEC-EC-EARTH,SMHI-RCA4,rcp45,r12i1p1,v1,1970-01-01,2099-12-31,false,false,true,true,true,false,false,false,false,true,false,false,false,,,
56,false,false,false,false,KA,sim.json,crop.json,site.json,true,dwd_core_ensemble,dwd_core_ensemble/csvs_dwd_core_ensemble,ICHEC-EC-EARTH,SMHI-RCA4,rcp45,r12i1p1,v1,1970-01-01,2099-12-31,false,false,true,true,true,false,false,false,false,true,false,false,false,,,
57,true,false,false,false,WW,sim.json,crop.json,site.json,true,dwd_core_ensemble,dwd_core_ensemble/csvs_dwd_core_ensemble,MIROC-MIROC5,CLMcom-CCLM4-8-17,rcp26,r1i1p1,v1,1970-01-01,2099-12-31,false,false,true,true,true,false,false,false,false,true,false,false,false,,,
58,true,false,false,false,WG,sim.json,crop.json,site.json,true,dwd_core_ensemble,dwd_core_ensemble/csvs_dwd_core_ensemble,MIROC-MIROC5,CLMcom-CCLM4-8-17,rcp26,r1i1p1,v1,1970-01-01,2099-12-31,false,false,true,true,true,false,false,false,false,true,false,false,false,,,
59,true,false,false,false,WR,sim.json,crop.json,site.json,true,dwd_core_ensemble,dwd_core_ensemble/csvs_dwd_core_ensemble,MIROC-MIROC5,CLMcom-CCLM4-8-17,rcp26,r1i1p1,v1,1970-01-01,2099-12-31,false,false,true,true,true,false,false,false,false,true,false,false,false,,,
60,false,false,false,false,WRa,sim.json,crop.json,site.json,true,dwd_core_ensemble,dwd_core_ensemble/csvs_dwd_core_ensemble,MIROC-MIROC5,CLMcom-CCLM4-8-17,rcp26,r1i1p1,v1,1970-01-01,2099-12-31,false,false,true,true,true,false,false,false,false,true,false,false,false,,,
61,false,false,false,false,SG,sim.json,crop.json,site.json,true,dwd_core_ensemble,dwd_core_ensemble/csvs_dwd_core_ensemble,MIROC-MIROC5,CLMcom-CCLM4-8-17,rcp26,r1i1p1,v1,1970-01-01,2099-12-31,false,false,true,true,true,false,false,false,false,true,false,false,false,,,
62,true,false,false,false,ZR,sim.json,crop.json,site.json,true,dwd_core_ensemble,dwd_core_ensemble/csvs_dwd_core_ensemble,MIROC-MIROC5,CLMcom-CCLM4-8-17,rcp26,r1i1p1,v1,1970-01-01,2099-12-31,false,false,true,true,true,false,false,false,false,true,false,false,false,,,
63,true,false,false,false,SM,sim.json,crop.json,site.json,true,dwd_core_ensemble,dwd_core_ensemble/csvs_dwd_core_ensemble,MIROC-MIROC5,CLMcom-CCLM4-8-17,rcp26,r1i1p1,v1,1970-01-01,2099-12-31,false,false,true,true,true,false,false,false,false,true,false,false,false,,,
64,false,false,false,false,KA,sim.json,crop.json,site.json,true,dwd_core_ensemble,dwd_core_ensemble/csvs_dwd_core_ensemble,MIROC-MIROC5,CLMcom-CCLM4-8-17,rcp26,r1i1p1,v1,1970-01-01,2099-12-31,false,false,true,true,true,false,false,false,false,true,false,false,false,,,
65,true,false,false,false,WW,sim.json,crop.json,site.json,true,dwd_core_ensemble,dwd_core_ensemble/csvs_dwd_core_ensemble,MIROC-MIROC5,GERICS-REMO2015,rcp85,r1i1p1,v1,1970-01-01,2099-12-31,false,false,true,true,true,false,false,false,false,true,false,false,false,,,
66,true,false,false,false,WG,sim.json,crop.json,site.json,true,dwd_core_ensemble,dwd_core_ensemble/csvs_dwd_core_ensemble,MIROC-MIROC5,GERICS-REMO2015,rcp85,r1i1p1,v1,1970-01-01,2099-12-31,false,false,true,true,true,false,false,false,false,true,false,false,false,,,
67,true,false,false,false,WR,sim.json,crop.json,site.json,true,dwd_core_ensemble,dwd_core_ensemble/csvs_dwd_core_ensemble,MIROC-MIROC5,GERICS-REMO2015,rcp85,r1i1p1,v1,1970-01-01,2099-12-31,false,false,true,true,true,false,false,false,false,true,false,false,false,,,
68,false,false,false,false,WRa,sim.json,crop.json,site.json,true,dwd_core_ensemble,dwd_core_ensemble/csvs_dwd_core_ensemble,MIROC-MIROC5,GERICS-REMO2015,rcp85,r1i1p1,v1,1970-01-01,2099-12-31,false,false,true,true,true,false,false,false,false,true,false,false,false,,,
69,false,false,false,false,SG,sim.json,crop.json,site.json,true,dwd_core_ensemble,dwd_core_ensemble/csvs_dwd_core_ensemble,MIROC-MIROC5,GERICS-REMO2015,rcp85,r1i1p1,v1,1970-01-01,2099-12-31,false,false,true,true,true,false,false,false,false,true,false,false,false,,,
70,true,false,false,false,ZR,sim.json,crop.json,site.json,true,dwd_core_ensemble,dwd_core_ensemble/csvs_dwd_core_ensemble,MIROC-MIROC5,GERICS-REMO2015,rcp85,r1i1p1,v1,1970-01-01,2099-12-31,false,false,true,true,true,false,false,false,false,true,false,false,false,,,
71,true,false,false,false,SM,sim.json,crop.json,site.json,true,dwd_core_ensemble,dwd_core_ensemble/csvs_dwd_core_ensemble,MIROC-MIROC5,GERICS-REMO2015,rcp85,r1i1p1,v1,1970-01-01,2099-12-31,false,false,true,true,true,false,false,false,false,true,false,false,false,,,
72,false,false,false,false,KA,sim.json,crop.json,site.json,true,dwd_core_ensemble,dwd_core_ensemble/csvs_dwd_core_ensemble,MIROC-MIROC5,GERICS-REMO2015,rcp85,r1i1p1,v1,1970-01-01,2099-12-31,false,false,true,true,true,false,false,false,false,true,false,false,false,,,
73,true,false,false,false,WW,sim.json,crop.json,site.json,true,dwd_core_ensemble,dwd_core_ensemble/csvs_dwd_core_ensemble,MOHC-HadGEM2-ES,CLMcom-CCLM4-8-17,rcp45,r1i1p1,v1,1970-01-01,2099-11-30,false,false,true,true,true,false,false,false,false,true,false,false,false,,,
74,true,false,false,false,WG,sim.json,crop.json,site.json,true,dwd_core_ensemble,dwd_core_ensemble/csvs_dwd_core_ensemble,MOHC-HadGEM2-ES,CLMcom-CCLM4-8-17,rcp45,r1i1p1,v1,1970-01-01,2099-11-30,false,false,true,true,true,false,false,false,false,true,false,false,false,,,
75,true,false,false,false,WR,sim.json,crop.json,site.json,true,dwd_core_ensemble,dwd_core_ensemble/csvs_dwd_core_ensemble,MOHC-HadGEM2-ES,CLMcom-CCLM4-8-17,rcp45,r1i1p1,v1,1970-01-01,2099-11-30,false,false,true,true,true,false,false,false,false,true,false,false,false,,,
76,false,false,false,false,WRa,sim.json,crop.json,site.json,true,dwd_core_ensemble,dwd_core_ensemble/csvs_dwd_core_ensemble,MOHC-HadGEM2-ES,CLMcom-CCLM4-8-17,rcp45,r1i1p1,v1,1970-01-01,2099-11-30,false,false,true,true,true,false,false,false,false,true,false,false,false,,,
77,false,false,false,false,SG,sim.json,crop.json,site.json,true,dwd_core_ensemble,dwd_core_ensemble/csvs_dwd_core_ensemble,MOHC-HadGEM2-ES,CLMcom-CCLM4-8-17,rcp45,r1i1p1,v1,1970-01-01,2099-11-30,false,false,true,true,true,false,false,false,false,true,false,false,false,,,
78,true,false,false,false,ZR,sim.json,crop.json,site.json,true,dwd_core_ensemble,dwd_core_ensemble/csvs_dwd_core_ensemble,MOHC-HadGEM2-ES,CLMcom-CCLM4-8-17,rcp45,r1i1p1,v1,1970-01-01,2099-11-30,false,false,true,true,true,false,false,false,false,true,false,false,false,,,
79,true,false,false,false,SM,sim.json,crop.json,site.json,true,dwd_core_ensemble,dwd_core_ensemble/csvs_dwd_core_ensemble,MOHC-HadGEM2-ES,CLMcom-CCLM4-8-17,rcp45,r1i1p1,v1,1970-01-01,2099-11-30,false,false,true,true,true,false,false,false,false,true,false,false,false,,,
80,false,false,false,false,KA,sim.json,crop.json,site.json,true,dwd_core_ensemble,dwd_core_ensemble/csvs_dwd_core_ensemble,MOHC-HadGEM2-ES,CLMcom-CCLM4-8-17,rcp45,r1i1p1,v1,1970-01-01,2099-11-30,false,false,true,true,true,false,false,false,false,true,false,false,false,,,
81,true,false,false,false,WW,sim.json,crop.json,site.json,true,dwd_core_ensemble,dwd_core_ensemble/csvs_dwd_core_ensemble,MOHC-HadGEM2-ES,CLMcom-CCLM4-8-17,rcp85,r1i1p1,v1,1970-01-01,2099-12-31,false,false,true,true,true,false,false,false,false,true,false,false,false,,,
82,true,false,false,false,WG,sim.json,crop.json,site.json,true,dwd_core_ensemble,dwd_core_ensemble/csvs_dwd_core_ensemble,MOHC-HadGEM2-ES,CLMcom-CCLM4-8-17,rcp85,r1i1p1,v1,1970-01-01,2099-12-31,false,false,true,true,true,false,false,false,false,true,false,false,false,,,
83,true,false,false,false,WR,sim.json,crop.json,site.json,true,dwd_core_ensemble,dwd_core_ensemble/csvs_dwd_core_ensemble,MOHC-HadGEM2-ES,CLMcom-CCLM4-8-17,rcp85,r1i1p1,v1,1970-01-01,2099-12-31,false,false,true,true,true,false,false,false,false,true,false,false,false,,,
84,false,false,false,false,WRa,sim.json,crop.json,site.json,true,dwd_core_ensemble,dwd_core_ensemble/csvs_dwd_core_ensemble,MOHC-HadGEM2-ES,CLMcom-CCLM4-8-17,rcp85,r1i1p1,v1,1970-01-01,2099-12-31,false,false,true,true,true,false,false,false,false,true,false,false,false,,,
85,false,false,false,false,SG,sim.json,crop.json,site.json,true,dwd_core_ensemble,dwd_core_ensemble/csvs_dwd_core_ensemble,MOHC-HadGEM2-ES,CLMcom-CCLM4-8-17,rcp85,r1i1p1,v1,1970-01-01,2099-12-31,false,false,true,true,true,false,false,false,false,true,false,false,false,,,
86,true,false,false,false,ZR,sim.json,crop.json,site.json,true,dwd_core_ensemble,dwd_core_ensemble/csvs_dwd_core_ensemble,MOHC-HadGEM2-ES,CLMcom-CCLM4-8-17,rcp85,r1i1p1,v1,1970-01-01,2099-12-31,false,false,true,true,true,false,false,false,false,true,false,false,false,,,
87,true,false,false,false,SM,sim.json,crop.json,site.json,true,dwd_core_ensemble,dwd_core_ensemble/csvs_dwd_core_ensemble,MOHC-HadGEM2-ES,CLMcom-CCLM4-8-17,rcp85,r1i1p1,v1,1970-01-01,2099-12-31,false,false,true,true,true,false,false,false,false,true,false,false,false,,,
88,false,false,false,false,KA,sim.json,crop.json,site.json,true,dwd_core_ensemble,dwd_core_ensemble/csvs_dwd_core_ensemble,MOHC-HadGEM2-ES,CLMcom-CCLM4-8-17,rcp85,r1i1p1,v1,1970-01-01,2099-12-31,false,false,true,true,true,false,false,false,false,true,false,false,false,,,
89,true,false,false,false,WW,sim.json,crop.json,site.json,true,dwd_core_ensemble,dwd_core_ensemble/csvs_dwd_core_ensemble,MOHC-HadGEM2-ES,KNMI-RACMO22E,rcp26,r1i1p1,v2,1970-01-01,2099-12-31,false,false,true,true,true,false,false,false,false,true,false,false,false,,,
90,true,false,false,false,WG,sim.json,crop.json,site.json,true,dwd_core_ensemble,dwd_core_ensemble/csvs_dwd_core_ensemble,MOHC-HadGEM2-ES,KNMI-RACMO22E,rcp26,r1i1p1,v2,1970-01-01,2099-12-31,false,false,true,true,true,false,false,false,false,true,false,false,false,,,
91,true,false,false,false,WR,sim.json,crop.json,site.json,true,dwd_core_ensemble,dwd_core_ensemble/csvs_dwd_core_ensemble,MOHC-HadGEM2-ES,KNMI-RACMO22E,rcp26,r1i1p1,v2,1970-01-01,2099-12-31,false,false,true,true,true,false,false,false,false,true,false,false,false,,,
92,false,false,false,false,WRa,sim.json,crop.json,site.json,true,dwd_core_ensemble,dwd_core_ensemble/csvs_dwd_core_ensemble,MOHC-HadGEM2-ES,KNMI-RACMO22E,rcp26,r1i1p1,v2,1970-01-01,2099-12-31,false,false,true,true,true,false,false,false,false,true,false,false,false,,,
93,false,false,false,false,SG,sim.json,crop.json,site.json,true,dwd_core_ensemble,dwd_core_ensemble/csvs_dwd_core_ensemble,MOHC-HadGEM2-ES,KNMI-RACMO22E,rcp26,r1i1p1,v2,1970-01-01,2099-12-31,false,false,true,true,true,false,false,false,false,true,false,false,false,,,
94,true,false,false,false,ZR,sim.json,crop.json,site.json,true,dwd_core_ensemble,dwd_core_ensemble/csvs_dwd_core_ensemble,MOHC-HadGEM2-ES,KNMI-RACMO22E,rcp26,r1i1p1,v2,1970-01-01,2099-12-31,false,false,true,true,true,false,false,false,false,true,false,false,false,,,
95,true,false,false,false,SM,sim.json,crop.json,site.json,true,dwd_core_ensemble,dwd_core_ensemble/csvs_dwd_core_ensemble,MOHC-HadGEM2-ES,KNMI-RACMO22E,rcp26,r1i1p1,v2,1970-01-01,2099-12-31,false,false,true,true,true,false,false,false,false,true,false,false,false,,,
96,false,false,false,false,KA,sim.json,crop.json,site.json,true,dwd_core_ensemble,dwd_core_ensemble/csvs_dwd_core_ensemble,MOHC-HadGEM2-ES,KNMI-RACMO22E,rcp26,r1i1p1,v2,1970-01-01,2099-12-31,false,false,true,true,true,false,false,false,false,true,false,false,false,,,
97,true,false,false,false,WW,sim.json,crop.json,site.json,true,dwd_core_ensemble,dwd_core_ensemble/csvs_dwd_core_ensemble,MPI-M-MPI-ESM-LR,MPI-CSC-REMO2009,rcp26,r2i1p1,v1,1970-01-01,2099-12-31,false,false,true,true,true,false,false,false,false,true,false,false,false,,,
98,true,false,false,false,WG,sim.json,crop.json,site.json,true,dwd_core_ensemble,dwd_core_ensemble/csvs_dwd_core_ensemble,MPI-M-MPI-ESM-LR,MPI-CSC-REMO2009,rcp26,r2i1p1,v1,1970-01-01,2099-12-31,false,false,true,true,true,false,false,false,false,true,false,false,false,,,
99,true,false,false,false,WR,sim.json,crop.json,site.json,true,dwd_core_ensemble,dwd_core_ensemble/csvs_dwd_core_ensemble,MPI-M-MPI-ESM-LR,MPI-CSC-REMO2009,rcp26,r2i1p1,v1,1970-01-01,2099-12-31,false,false,true,true,true,false,false,false,false,true,false,false,false,,,
100,false,false,false,false,WRa,sim.json,crop.json,site.json,true,dwd_core_ensemble,dwd_core_ensemble/csvs_dwd_core_ensemble,MPI-M-MPI-ESM-LR,MPI-CSC-REMO2009,rcp26,r2i1p1,v1,1970-01-01,2099-12-31,false,false,true,true,true,false,false,false,false,true,false,false,false,,,
101,false,false,false,false,SG,sim.json,crop.json,site.json,true,dwd_core_ensemble,dwd_core_ensemble/csvs_dwd_core_ensemble,MPI-M-MPI-ESM-LR,MPI-CSC-REMO2009,rcp26,r2i1p1,v1,1970-01-01,2099-12-31,false,false,true,true,true,false,false,false,false,true,false,false,false,,,
102,true,false,false,false,ZR,sim.json,crop.json,site.json,true,dwd_core_ensemble,dwd_core_ensemble/csvs_dwd_core_ensemble,MPI-M-MPI-ESM-LR,MPI-CSC-REMO2009,rcp26,r2i1p1,v1,1970-01-01,2099-12-31,false,false,true,true,true,false,false,false,false,true,false,false,false,,,
103,true,false,false,false,SM,sim.json,crop.json,site.json,true,dwd_core_ensemble,dwd_core_ensemble/csvs_dwd_core_ensemble,MPI-M-MPI-ESM-LR,MPI-CSC-REMO2009,rcp26,r2i1p1,v1,1970-01-01,2099-12-31,false,false,true,true,true,false,false,false,false,true,false,false,false,,,
104,false,false,false,false,KA,sim.json,crop.json,site.json,true,dwd_core_ensemble,dwd_core_ensemble/csvs_dwd_core_ensemble,MPI-M-MPI-ESM-LR,MPI-CSC-REMO2009,rcp26,r2i1p1,v1,1970-01-01,2099-12-31,false,false,true,true,true,false,false,false,false,true,false,false,false,,,
105,true,false,false,false,WW,sim.json,crop.json,site.json,true,dwd_core_ensemble,dwd_core_ensemble/csvs_dwd_core_ensemble,MPI-M-MPI-ESM-LR,MPI-CSC-REMO2009,rcp45,r1i1p1,v1,1970-01-01,2099-12-31,false,false,true,true,true,false,false,false,false,true,false,false,false,,,
106,true,false,false,false,WG,sim.json,crop.json,site.json,true,dwd_core_ensemble,dwd_core_ensemble/csvs_dwd_core_ensemble,MPI-M-MPI-ESM-LR,MPI-CSC-REMO2009,rcp45,r1i1p1,v1,1970-01-01,2099-12-31,false,false,true,true,true,false,false,false,false,true,false,false,false,,,
107,true,false,false,false,WR,sim.json,crop.json,site.json,true,dwd_core_ensemble,dwd_core_ensemble/csvs_dwd_core_ensemble,MPI-M-MPI-ESM-LR,MPI-CSC-REMO2009,rcp45,r1i1p1,v1,1970-01-01,2099-12-31,false,false,true,true,true,false,false,false,false,true,false,false,false,,,
108,false,false,false,false,WRa,sim.json,crop.json,site.json,true,dwd_core_ensemble,dwd_core_ensemble/csvs_dwd_core_ensemble,MPI-M-MPI-ESM-LR,MPI-CSC-REMO2009,rcp45,r1i1p1,v1,1970-01-01,2099-12-31,false,false,true,true,true,false,false,false,false,true,false,false,false,,,
109,false,false,false,false,SG,sim.json,crop.json,site.json,true,dwd_core_ensemble,dwd_core_ensemble/csvs_dwd_core_ensemble,MPI-M-MPI-ESM-LR,MPI-CSC-REMO2009,rcp45,r1i1p1,v1,1970-01-01,2099-12-31,false,false,true,true,true,false,false,false,false,true,false,false,false,,,
110,true,false,false,false,ZR,sim.json,crop.json,site.json,true,dwd_core_ensemble,dwd_core_ensemble/csvs_dwd_core_ensemble,MPI-M-MPI-ESM-LR,MPI-CSC-REMO2009,rcp45,r1i1p1,v1,1970-01-01,2099-12-31,false,false,true,true,true,false,false,false,false,true,false,false,false,,,
111,true,false,false,false,SM,sim.json,crop.json,site.json,true,dwd_core_ensemble,dwd_core_ensemble/csvs_dwd_core_ensemble,MPI-M-MPI-ESM-LR,MPI-CSC-REMO2009,rcp45,r1i1p1,v1,1970-01-01,2099-12-31,false,false,true,true,true,false,false,false,false,true,false,false,false,,,
112,false,false,false,false,KA,sim.json,crop.json,site.json,true,dwd_core_ensemble,dwd_core_ensemble/csvs_dwd_core_ensemble,MPI-M-MPI-ESM-LR,MPI-CSC-REMO2009,rcp45,r1i1p1,v1,1970-01-01,2099-12-31,false,false,true,true,true,false,false,false,false,true,false,false,false,,,
113,true,false,false,false,WW,sim.json,crop.json,site.json,true,dwd_core_ensemble,dwd_core_ensemble/csvs_dwd_core_ensemble,MPI-M-MPI-ESM-LR,MPI-CSC-REMO2009,rcp45,r2i1p1,v1,1970-01-01,2099-12-31,false,false,true,true,true,false,false,false,false,true,false,false,false,,,
114,true,false,false,false,WG,sim.json,crop.json,site.json,true,dwd_core_ensemble,dwd_core_ensemble/csvs_dwd_core_ensemble,MPI-M-MPI-ESM-LR,MPI-CSC-REMO2009,rcp45,r2i1p1,v1,1970-01-01,2099-12-31,false,false,true,true,true,false,false,false,false,true,false,false,false,,,
115,true,false,false,false,WR,sim.json,crop.json,site.json,true,dwd_core_ensemble,dwd_core_ensemble/csvs_dwd_core_ensemble,MPI-M-MPI-ESM-LR,MPI-CSC-REMO2009,rcp45,r2i1p1,v1,1970-01-01,2099-12-31,false,false,true,true,true,false,false,false,false,true,false,false,false,,,
116,false,false,false,false,WRa,sim.json,crop.json,site.json,true,dwd_core_ensemble,dwd_core_ensemble/csvs_dwd_core_ensemble,MPI-M-MPI-ESM-LR,MPI-CSC-REMO2009,rcp45,r2i1p1,v1,1970-01-01,2099-12-31,false,false,true,true,true,false,false,false,false,true,false,false,false,,,
117,false,false,false,false,SG,sim.json,crop.json,site.json,true,dwd_core_ensemble,dwd_core_ensemble/csvs_dwd_core_ensemble,MPI-M-MPI-ESM-LR,MPI-CSC-REMO2009,rcp45,r2i1p1,v1,1970-01-01,2099-12-31,false,false,true,true,true,false,false,false,false,true,false,false,false,,,
118,true,false,false,false,ZR,sim.json,crop.json,site.json,true,dwd_core_ensemble,dwd_core_ensemble/csvs_dwd_core_ensemble,MPI-M-MPI-ESM-LR,MPI-CSC-REMO2009,rcp45,r2i1p1,v1,1970-01-01,2099-12-31,false,false,true,true,true,false,false,false,false,true,false,false,false,,,
119,true,false,false,false,SM,sim.json,crop.json,site.json,true,dwd_core_ensemble,dwd_core_ensemble/csvs_dwd_core_ensemble,MPI-M-MPI-ESM-LR,MPI-CSC-REMO2009,rcp45,r2i1p1,v1,1970-01-01,2099-12-31,false,false,true,true,true,false,false,false,false,true,false,false,false,,,
120,false,false,false,false,KA,sim.json,crop.json,site.json,true,dwd_core_ensemble,dwd_core_ensemble/csvs_dwd_core_ensemble,MPI-M-MPI-ESM-LR,MPI-CSC-REMO2009,rcp45,r2i1p1,v1,1970-01-01,2099-12-31,false,false,true,true,true,false,false,false,false,true,false,false,false,,,
121,true,false,false,false,WW,sim.json,crop.json,site.json,true,dwd_core_ensemble,dwd_core_ensemble/csvs_dwd_core_ensemble,MPI-M-MPI-ESM-LR,MPI-CSC-REMO2009,rcp85,r2i1p1,v1,1970-01-01,2099-12-31,false,false,true,true,true,false,false,false,false,true,false,false,false,,,
122,true,false,false,false,WG,sim.json,crop.json,site.json,true,dwd_core_ensemble,dwd_core_ensemble/csvs_dwd_core_ensemble,MPI-M-MPI-ESM-LR,MPI-CSC-REMO2009,rcp85,r2i1p1,v1,1970-01-01,2099-12-31,false,false,true,true,true,false,false,false,false,true,false,false,false,,,
123,true,false,false,false,WR,sim.json,crop.json,site.json,true,dwd_core_ensemble,dwd_core_ensemble/csvs_dwd_core_ensemble,MPI-M-MPI-ESM-LR,MPI-CSC-REMO2009,rcp85,r2i1p1,v1,1970-01-01,2099-12-31,false,false,true,true,true,false,false,false,false,true,false,false,false,,,
124,false,false,false,false,WRa,sim.json,crop.json,site.json,true,dwd_core_ensemble,dwd_core_ensemble/csvs_dwd_core_ensemble,MPI-M-MPI-ESM-LR,MPI-CSC-REMO2009,rcp85,r2i1p1,v1,1970-01-01,2099-12-31,false,false,true,true,true,false,false,false,false,true,false,false,false,,,
125,false,false,false,false,SG,sim.json,crop.json,site.json,true,dwd_core_ensemble,dwd_core_ensemble/csvs_dwd_core_ensemble,MPI-M-MPI-ESM-LR,MPI-CSC-REMO2009,rcp85,r2i1p1,v1,1970-01-01,2099-12-31,false,false,true,true,true,false,false,false,false,true,false,false,false,,,
126,true,false,false,false,ZR,sim.json,crop.json,site.json,true,dwd_core_ensemble,dwd_core_ensemble/csvs_dwd_core_ensemble,MPI-M-MPI-ESM-LR,MPI-CSC-REMO2009,rcp85,r2i1p1,v1,1970-01-01,2099-12-31,false,false,true,true,true,false,false,false,false,true,false,false,false,,,
127,true,false,false,false,SM,sim.json,crop.json,site.json,true,dwd_core_ensemble,dwd_core_ensemble/csvs_dwd_core_ensemble,MPI-M-MPI-ESM-LR,MPI-CSC-REMO2009,rcp85,r2i1p1,v1,1970-01-01,2099-12-31,false,false,true,true,true,false,false,false,false,true,false,false,false,,,
128,false,false,false,false,KA,sim.json,crop.json,site.json,true,dwd_core_ensemble,dwd_core_ensemble/csvs_dwd_core_ensemble,MPI-M-MPI-ESM-LR,MPI-CSC-REMO2009,rcp85,r2i1p1,v1,1970-01-01,2099-12-31,false,false,true,true,true,false,false,false,false,true,false,false,false,,,
129,true,false,false,false,WW,sim.json,crop.json,site.json,true,dwd_core_ensemble,dwd_core_ensemble/csvs_dwd_core_ensemble,MPI-M-MPI-ESM-LR,UHOH-WRF361H,rcp85,r1i1p1,v1,1970-01-01,2099-12-31,false,false,true,true,true,false,false,false,false,true,false,false,false,,,
130,true,false,false,false,WG,sim.json,crop.json,site.json,true,dwd_core_ensemble,dwd_core_ensemble/csvs_dwd_core_ensemble,MPI-M-MPI-ESM-LR,UHOH-WRF361H,rcp85,r1i1p1,v1,1970-01-01,2099-12-31,false,false,true,true,true,false,false,false,false,true,false,false,false,,,
131,true,false,false,false,WR,sim.json,crop.json,site.json,true,dwd_core_ensemble,dwd_core_ensemble/csvs_dwd_core_ensemble,MPI-M-MPI-ESM-LR,UHOH-WRF361H,rcp85,r1i1p1,v1,1970-01-01,2099-12-31,false,false,true,true,true,false,false,false,false,true,false,false,false,,,
132,false,false,false,false,WRa,sim.json,crop.json,site.json,true,dwd_core_ensemble,dwd_core_ensemble/csvs_dwd_core_ensemble,MPI-M-MPI-ESM-LR,UHOH-WRF361H,rcp85,r1i1p1,v1,1970-01-01,2099-12-31,false,false,true,true,true,false,false,false,false,true,false,false,false,,,
133,false,false,false,false,SG,sim.json,crop.json,site.json,true,dwd_core_ensemble,dwd_core_ensemble/csvs_dwd_core_ensemble,MPI-M-MPI-ESM-LR,UHOH-WRF361H,rcp85,r1i1p1,v1,1970-01-01,2099-12-31,false,false,true,true,true,false,false,false,false,true,false,false,false,,,
134,true,false,false,false,ZR,sim.json,crop.json,site.json,true,dwd_core_ensemble,dwd_core_ensemble/csvs_dwd_core_ensemble,MPI-M-MPI-ESM-LR,UHOH-WRF361H,rcp85,r1i1p1,v1,1970-01-01,2099-12-31,false,false,true,true,true,false,false,false,false,true,false,false,false,,,
135,true,false,false,false,SM,sim.json,crop.json,site.json,true,dwd_core_ensemble,dwd_core_ensemble/csvs_dwd_core_ensemble,MPI-M-MPI-ESM-LR,UHOH-WRF361H,rcp85,r1i1p1,v1,1970-01-01,2099-12-31,false,false,true,true,true,false,false,false,false,true,false,false,false,,,
136,false,false,false,false,KA,sim.json,crop.json,site.json,true,dwd_core_ensemble,dwd_core_ensemble/csvs_dwd_core_ensemble,MPI-M-MPI-ESM-LR,UHOH-WRF361H,rcp85,r1i1p1,v1,1970-01-01,2099-12-31,false,false,true,true,true,false,false,false,false,true,false,false,false,,,
137,true,true,false,false,WW,sim.json,crop.json,site.json,true,dwd_core_ensemble,dwd_core_ensemble/csvs_dwd_core_ensemble,CCCma-CanESM2,CLMcom-CCLM4-8-17,rcp85,r1i1p1,v1,1970-01-01,2099-12-31,false,false,true,true,true,false,false,false,false,true,false,false,false,,,
138,true,true,false,false,WG,sim.json,crop.json,site.json,true,dwd_core_ensemble,dwd_core_ensemble/csvs_dwd_core_ensemble,CCCma-CanESM2,CLMcom-CCLM4-8-17,rcp85,r1i1p1,v1,1970-01-01,2099-12-31,false,false,true,true,true,false,false,false,false,true,false,false,false,,,
139,true,true,false,false,WR,sim.json,crop.json,site.json,true,dwd_core_ensemble,dwd_core_ensemble/csvs_dwd_core_ensemble,CCCma-CanESM2,CLMcom-CCLM4-8-17,rcp85,r1i1p1,v1,1970-01-01,2099-12-31,false,false,true,true,true,false,false,false,false,true,false,false,false,,,
140,true,true,false,false,SM,sim.json,crop.json,site.json,true,dwd_core_ensemble,dwd_core_ensemble/csvs_dwd_core_ensemble,CCCma-CanESM2,CLMcom-CCLM4-8-17,rcp85,r1i1p1,v1,1970-01-01,2099-12-31,false,false,true,true,true,false,false,false,false,true,false,false,false,,,
141,true,true,false,false,WW,sim.json,crop.json,site.json,true,dwd_core_ensemble,dwd_core_ensemble/csvs_dwd_core_ensemble,ICHEC-EC-EARTH,CLMcom-CCLM4-8-17,rcp26,r12i1p1,v1,1970-01-01,2099-12-31,false,false,true,true,true,false,false,false,false,true,false,false,false,,,
142,true,true,false,false,WG,sim.json,crop.json,site.json,true,dwd_core_ensemble,dwd_core_ensemble/csvs_dwd_core_ensemble,ICHEC-EC-EARTH,CLMcom-CCLM4-8-17,rcp26,r12i1p1,v1,1970-01-01,2099-12-31,false,false,true,true,true,false,false,false,false,true,false,false,false,,,
143,true,true,false,false,WR,sim.json,crop.json,site.json,true,dwd_core_ensemble,dwd_core_ensemble/csvs_dwd_core_ensemble,ICHEC-EC-EARTH,CLMcom-CCLM4-8-17,rcp26,r12i1p1,v1,1970-01-01,2099-12-31,false,false,true,true,true,false,false,false,false,true,false,false,false,,,
144,true,true,false,false,SM,sim.json,crop.json,site.json,true,dwd_core_ensemble,dwd_core_ensemble/csvs_dwd_core_ensemble,ICHEC-EC-EARTH,CLMcom-CCLM4-8-17,rcp26,r12i1p1,v1,1970-01-01,2099-12-31,false,false,true,true,true,false,false,false,false,true,false,false,false,,,
145,true,true,false,false,WW,sim.json,crop.json,site.json,true,dwd_core_ensemble,dwd_core_ensemble/csvs_dwd_core_ensemble,ICHEC-EC-EARTH,KNMI-RACMO22E,rcp26,r12i1p1,v1,1970-01-01,2099-12-31,false,false,true,true,true,false,false,false,false,true,false,false,false,,,
146,true,true,false,false,WG,sim.json,crop.json,site.json,true,dwd_core_ensemble,dwd_core_ensemble/csvs_dwd_core_ensemble,ICHEC-EC-EARTH,KNMI-RACMO22E,rcp26,r12i1p1,v1,1970-01-01,2099-12-31,false,false,true,true,true,false,false,false,false,true,false,false,false,,,
147,true,true,false,false,WR,sim.json,crop.json,site.json,true,dwd_core_ensemble,dwd_core_ensemble/csvs_dwd_core_ensemble,ICHEC-EC-EARTH,KNMI-RACMO22E,rcp26,r12i1p1,v1,1970-01-01,2099-12-31,false,false,true,true,true,false,false,false,false,true,false,false,false,,,
148,true,true,false,false,SM,sim.json,crop.json,site.json,true,dwd_core_ensemble,dwd_core_ensemble/csvs_dwd_core_ensemble,ICHEC-EC-EARTH,KNMI-RACMO22E,rcp26,r12i1p1,v1,1970-01-01,2099-12-31,false,false,true,true,true,false,false,false,false,true,false,false,false,,,
149,true,true,false,false,WW,sim.json,crop.json,site.json,true,dwd_core_ensemble,dwd_core_ensemble/csvs_dwd_core_ensemble,ICHEC-EC-EARTH,KNMI-RACMO22E,rcp45,r1i1p1,v1,1970-01-01,2099-12-31,false,false,true,true,true,false,false,false,false,true,false,false,false,,,
150,true,true,false,false,WG,sim.json,crop.json,site.json,true,dwd_core_ensemble,dwd_core_ensemble/csvs_dwd_core_ensemble,ICHEC-EC-EARTH,KNMI-RACMO22E,rcp45,r1i1p1,v1,1970-01-01,2099-12-31,false,false,true,true,true,false,false,false,false,true,false,false,false,,,
151,true,true,false,false,WR,sim.json,crop.json,site.json,true,dwd_core_ensemble,dwd_core_ensemble/csvs_dwd_core_ensemble,ICHEC-EC-EARTH,KNMI-RACMO22E,rcp45,r1i1p1,v1,1970-01-01,2099-12-31,false,false,true,true,true,false,false,false,false,true,false,false,false,,,
152,true,true,false,false,SM,sim.json,crop.json,site.json,true,dwd_core_ensemble,dwd_core_ensemble/csvs_dwd_core_ensemble,ICHEC-EC-EARTH,KNMI-RACMO22E,rcp45,r1i1p1,v1,1970-01-01,2099-12-31,false,false,true,true,true,false,false,false,false,true,false,false,false,,,
153,true,true,false,false,WW,sim.json,crop.json,site.json,true,dwd_core_ensemble,dwd_core_ensemble/csvs_dwd_core_ensemble,ICHEC-EC-EARTH,KNMI-RACMO22E,rcp45,r12i1p1,v1,1970-01-01,2099-12-31,false,false,true,true,true,false,false,false,false,true,false,false,false,,,
154,true,true,false,false,WG,sim.json,crop.json,site.json,true,dwd_core_ensemble,dwd_core_ensemble/csvs_dwd_core_ensemble,ICHEC-EC-EARTH,KNMI-RACMO22E,rcp45,r12i1p1,v1,1970-01-01,2099-12-31,false,false,true,true,true,false,false,false,false,true,false,false,false,,,
155,true,true,false,false,WR,sim.json,crop.json,site.json,true,dwd_core_ensemble,dwd_core_ensemble/csvs_dwd_core_ensemble,ICHEC-EC-EARTH,KNMI-RACMO22E,rcp45,r12i1p1,v1,1970-01-01,2099-12-31,false,false,true,true,true,false,false,false,false,true,false,false,false,,,
156,true,true,false,false,SM,sim.json,crop.json,site.json,true,dwd_core_ensemble,dwd_core_ensemble/csvs_dwd_core_ensemble,ICHEC-EC-EARTH,KNMI-RACMO22E,rcp45,r12i1p1,v1,1970-01-01,2099-12-31,false,false,true,true,true,false,false,false,false,true,false,false,false,,,
157,true,true,false,false,WW,sim.json,crop.json,site.json,true,dwd_core_ensemble,dwd_core_ensemble/csvs_dwd_core_ensemble,ICHEC-EC-EARTH,KNMI-RACMO22E,rcp85,r1i1p1,v1,1970-01-01,2099-12-31,false,false,true,true,true,false,false,false,false,true,false,false,false,,,
158,true,true,false,false,WG,sim.json,crop.json,site.json,true,dwd_core_ensemble,dwd_core_ensemble/csvs_dwd_core_ensemble,ICHEC-EC-EARTH,KNMI-RACMO22E,rcp85,r1i1p1,v1,1970-01-01,2099-12-31,false,false,true,true,true,false,false,false,false,true,false,false,false,,,
159,true,true,false,false,WR,sim.json,crop.json,site.json,true,dwd_core_ensemble,dwd_core_ensemble/csvs_dwd_core_ensemble,ICHEC-EC-EARTH,KNMI-RACMO22E,rcp85,r1i1p1,v1,1970-01-01,2099-12-31,false,false,true,true,true,false,false,false,false,true,false,false,false,,,
160,true,true,false,false,SM,sim.json,crop.json,site.json,true,dwd_core_ensemble,dwd_core_ensemble/csvs_dwd_core_ensemble,ICHEC-EC-EARTH,KNMI-RACMO22E,rcp85,r1i1p1,v1,1970-01-01,2099-12-31,false,false,true,true,true,false,false,false,false,true,false,false,false,,,
161,true,true,false,false,WW,sim.json,crop.json,site.json,true,dwd_core_ensemble,dwd_core_ensemble/csvs_dwd_core_ensemble,ICHEC-EC-EARTH,SMHI-RCA4,rcp45,r12i1p1,v1,1970-01-01,2099-12-31,false,false,true,true,true,false,false,false,false,true,false,false,false,,,
162,true,true,false,false,WG,sim.json,crop.json,site.json,true,dwd_core_ensemble,dwd_core_ensemble/csvs_dwd_core_ensemble,ICHEC-EC-EARTH,SMHI-RCA4,rcp45,r12i1p1,v1,1970-01-01,2099-12-31,false,false,true,true,true,false,false,false,false,true,false,false,false,,,
163,true,true,false,false,WR,sim.json,crop.json,site.json,true,dwd_core_ensemble,dwd_core_ensemble/csvs_dwd_core_ensemble,ICHEC-EC-EARTH,SMHI-RCA4,rcp45,r12i1p1,v1,1970-01-01,2099-12-31,false,false,true,true,true,false,false,false,false,true,false,false,false,,,
164,true,true,false,false,SM,sim.json,crop.json,site.json,true,dwd_core_ensemble,dwd_core_ensemble/csvs_dwd_core_ensemble,ICHEC-EC-EARTH,SMHI-RCA4,rcp45,r12i1p1,v1,1970-01-01,2099-12-31,false,false,true,true,true,false,false,false,false,true,false,false,false,,,
165,true,true,false,false,WW,sim.json,crop.json,site.json,true,dwd_core_ensemble,dwd_core_ensemble/csvs_dwd_core_ensemble,MIROC-MIROC5,CLMcom-CCLM4-8-17,rcp26,r1i1p1,v1,1970-01-01,2099-12-31,false,false,true,true,true,false,false,false,false,true,false,false,false,,,
166,true,true,false,false,WG,sim.json,crop.json,site.json,true,dwd_core_ensemble,dwd_core_ensemble/csvs_dwd_core_ensemble,MIROC-MIROC5,CLMcom-CCLM4-8-17,rcp26,r1i1p1,v1,1970-01-01,2099-12-31,false,false,true,true,true,false,false,false,false,true,false,false,false,,,
167,true,true,false,false,WR,sim.json,crop.json,site.json,true,dwd_core_ensemble,dwd_core_ensemble/csvs_dwd_core_ensemble,MIROC-MIROC5,CLMcom-CCLM4-8-17,rcp26,r1i1p1,v1,1970-01-01,2099-12-31,false,false,true,true,true,false,false,false,false,true,false,false,false,,,
168,true,true,false,false,SM,sim.json,crop.json,site.json,true,dwd_core_ensemble,dwd_core_ensemble/csvs_dwd_core_ensemble,MIROC-MIROC5,CLMcom-CCLM4-8-17,rcp26,r1i1p1,v1,1970-01-01,2099-12-31,false,false,true,true,true,false,false,false,false,true,false,false,false,,,
169,true,true,false,false,WW,sim.json,crop.json,site.json,true,dwd_core_ensemble,dwd_core_ensemble/csvs_dwd_core_ensemble,MIROC-MIROC5,GERICS-REMO2015,rcp85,r1i1p1,v1,1970-01-01,2099-12-31,false,false,true,true,true,false,false,false,false,true,false,false,false,,,
170,true,true,false,false,WG,sim.json,crop.json,site.json,true,dwd_core_ensemble,dwd_core_ensemble/csvs_dwd_core_ensemble,MIROC-MIROC5,GERICS-REMO2015,rcp85,r1i1p1,v1,1970-01-01,2099-12-31,false,false,true,true,true,false,false,false,false,true,false,false,false,,,
171,true,true,false,false,WR,sim.json,crop.json,site.json,true,dwd_core_ensemble,dwd_core_ensemble/csvs_dwd_core_ensemble,MIROC-MIROC5,GERICS-REMO2015,rcp85,r1i1p1,v1,1970-01-01,2099-12-31,false,false,true,true,true,false,false,false,false,true,false,false,false,,,
172,true,true,false,false,SM,sim.json,crop.json,site.json,true,dwd_core_ensemble,dwd_core_ensemble/csvs_dwd_core_ensemble,MIROC-MIROC5,GERICS-REMO2015,rcp85,r1i1p1,v1,1970-01-01,2099-12-31,false,false,true,true,true,false,false,false,false,true,false,false,false,,,
173,true,true,false,false,WW,sim.json,crop.json,site.json,true,dwd_core_ensemble,dwd_core_ensemble/csvs_dwd_core_ensemble,MOHC-HadGEM2-ES,CLMcom-CCLM4-8-17,rcp45,r1i1p1,v1,1970-01-01,2099-11-30,false,false,true,true,true,false,false,false,false,true,false,false,false,,,
174,true,true,false,false,WG,sim.json,crop.json,site.json,true,dwd_core_ensemble,dwd_core_ensemble/csvs_dwd_core_ensemble,MOHC-HadGEM2-ES,CLMcom-CCLM4-8-17,rcp45,r1i1p1,v1,1970-01-01,2099-11-30,false,false,true,true,true,false,false,false,false,true,false,false,false,,,
175,true,true,false,false,WR,sim.json,crop.json,site.json,true,dwd_core_ensemble,dwd_core_ensemble/csvs_dwd_core_ensemble,MOHC-HadGEM2-ES,CLMcom-CCLM4-8-17,rcp45,r1i1p1,v1,1970-01-01,2099-11-30,false,false,true,true,true,false,false,false,false,true,false,false,false,,,
176,true,true,false,false,SM,sim.json,crop.json,site.json,true,dwd_core_ensemble,dwd_core_ensemble/csvs_dwd_core_ensemble,MOHC-HadGEM2-ES,CLMcom-CCLM4-8-17,rcp45,r1i1p1,v1,1970-01-01,2099-11-30,false,false,true,true,true,false,false,false,false,true,false,false,false,,,
177,true,true,false,false,WW,sim.json,crop.json,site.json,true,dwd_core_ensemble,dwd_core_ensemble/csvs_dwd_core_ensemble,MOHC-HadGEM2-ES,CLMcom-CCLM4-8-17,rcp85,r1i1p1,v1,1970-01-01,2099-12-31,false,false,true,true,true,false,false,false,false,true,false,false,false,,,
178,true,true,false,false,WG,sim.json,crop.json,site.json,true,dwd_core_ensemble,dwd_core_ensemble/csvs_dwd_core_ensemble,MOHC-HadGEM2-ES,CLMcom-CCLM4-8-17,rcp85,r1i1p1,v1,1970-01-01,2099-12-31,false,false,true,true,true,false,false,false,false,true,false,false,false,,,
179,true,true,false,false,WR,sim.json,crop.json,site.json,true,dwd_core_ensemble,dwd_core_ensemble/csvs_dwd_core_ensemble,MOHC-HadGEM2-ES,CLMcom-CCLM4-8-17,rcp85,r1i1p1,v1,1970-01-01,2099-12-31,false,false,true,true,true,false,false,false,false,true,false,false,false,,,
180,true,true,false,false,SM,sim.json,crop.json,site.json,true,dwd_core_ensemble,dwd_core_ensemble/csvs_dwd_core_ensemble,MOHC-HadGEM2-ES,CLMcom-CCLM4-8-17,rcp85,r1i1p1,v1,1970-01-01,2099-12-31,false,false,true,true,true,false,false,false,false,true,false,false,false,,,
181,true,true,false,false,WW,sim.json,crop.json,site.json,true,dwd_core_ensemble,dwd_core_ensemble/csvs_dwd_core_ensemble,MOHC-HadGEM2-ES,KNMI-RACMO22E,rcp26,r1i1p1,v2,1970-01-01,2099-12-31,false,false,true,true,true,false,false,false,false,true,false,false,false,,,
182,true,true,false,false,WG,sim.json,crop.json,site.json,true,dwd_core_ensemble,dwd_core_ensemble/csvs_dwd_core_ensemble,MOHC-HadGEM2-ES,KNMI-RACMO22E,rcp26,r1i1p1,v2,1970-01-01,2099-12-31,false,false,true,true,true,false,false,false,false,true,false,false,false,,,
183,true,true,false,false,WR,sim.json,crop.json,site.json,true,dwd_core_ensemble,dwd_core_ensemble/csvs_dwd_core_ensemble,MOHC-HadGEM2-ES,KNMI-RACMO22E,rcp26,r1i1p1,v2,1970-01-01,2099-12-31,false,false,true,true,true,false,false,false,false,true,false,false,false,,,
184,true,true,false,false,SM,sim.json,crop.json,site.json,true,dwd_core_ensemble,dwd_core_ensemble/csvs_dwd_core_ensemble,MOHC-HadGEM2-ES,KNMI-RACMO22E,rcp26,r1i1p1,v2,1970-01-01,2099-12-31,false,false,true,true,true,false,false,false,false,true,false,false,false,,,
185,true,true,false,false,WW,sim.json,crop.json,site.json,true,dwd_core_ensemble,dwd_core_ensemble/csvs_dwd_core_ensemble,MPI-M-MPI-ESM-LR,MPI-CSC-REMO2009,rcp26,r2i1p1,v1,1970-01-01,2099-12-31,false,false,true,true,true,false,false,false,false,true,false,false,false,,,
186,true,true,false,false,WG,sim.json,crop.json,site.json,true,dwd_core_ensemble,dwd_core_ensemble/csvs_dwd_core_ensemble,MPI-M-MPI-ESM-LR,MPI-CSC-REMO2009,rcp26,r2i1p1,v1,1970-01-01,2099-12-31,false,false,true,true,true,false,false,false,false,true,false,false,false,,,
187,true,true,false,false,WR,sim.json,crop.json,site.json,true,dwd_core_ensemble,dwd_core_ensemble/csvs_dwd_core_ensemble,MPI-M-MPI-ESM-LR,MPI-CSC-REMO2009,rcp26,r2i1p1,v1,1970-01-01,2099-12-31,false,false,true,true,true,false,false,false,false,true,false,false,false,,,
188,true,true,false,false,SM,sim.json,crop.json,site.json,true,dwd_core_ensemble,dwd_core_ensemble/csvs_dwd_core_ensemble,MPI-M-MPI-ESM-LR,MPI-CSC-REMO2009,rcp26,r2i1p1,v1,1970-01-01,2099-12-31,false,false,true,true,true,false,false,false,false,true,false,false,false,,,
189,true,true,false,false,WW,sim.json,crop.json,site.json,true,dwd_core_ensemble,dwd_core_ensemble/csvs_dwd_core_ensemble,MPI-M-MPI-ESM-LR,MPI-CSC-REMO2009,rcp45,r1i1p1,v1,1970-01-01,2099-12-31,false,false,true,true,true,false,false,false,false,true,false,false,false,,,
190,true,true,false,false,WG,sim.json,crop.json,site.json,true,dwd_core_ensemble,dwd_core_ensemble/csvs_dwd_core_ensemble,MPI-M-MPI-ESM-LR,MPI-CSC-REMO2009,rcp45,r1i1p1,v1,1970-01-01,2099-12-31,false,false,true,true,true,false,false,false,false,true,false,false,false,,,
191,true,true,false,false,WR,sim.json,crop.json,site.json,true,dwd_core_ensemble,dwd_core_ensemble/csvs_dwd_core_ensemble,MPI-M-MPI-ESM-LR,MPI-CSC-REMO2009,rcp45,r1i1p1,v1,1970-01-01,2099-12-31,false,false,true,true,true,false,false,false,false,true,false,false,false,,,
192,true,true,false,false,SM,sim.json,crop.json,site.json,true,dwd_core_ensemble,dwd_core_ensemble/csvs_dwd_core_ensemble,MPI-M-MPI-ESM-LR,MPI-CSC-REMO2009,rcp45,r1i1p1,v1,1970-01-01,2099-12-31,false,false,true,true,true,false,false,false,false,true,false,false,false,,,
193,true,true,false,false,WW,sim.json,crop.json,site.json,true,dwd_core_ensemble,dwd_core_ensemble/csvs_dwd_core_ensemble,MPI-M-MPI-ESM-LR,MPI-CSC-REMO2009,rcp45,r2i1p1,v1,1970-01-01,2099-12-31,false,false,true,true,true,false,false,false,false,true,false,false,false,,,
194,true,true,false,false,WG,sim.json,crop.json,site.json,true,dwd_core_ensemble,dwd_core_ensemble/csvs_dwd_core_ensemble,MPI-M-MPI-ESM-LR,MPI-CSC-REMO2009,rcp45,r2i1p1,v1,1970-01-01,2099-12-31,false,false,true,true,true,false,false,false,false,true,false,false,false,,,
195,true,true,false,false,WR,sim.json,crop.json,site.json,true,dwd_core_ensemble,dwd_core_ensemble/csvs_dwd_core_ensemble,MPI-M-MPI-ESM-LR,MPI-CSC-REMO2009,rcp45,r2i1p1,v1,1970-01-01,2099-12-31,false,false,true,true,true,false,false,false,false,true,false,false,false,,,
196,true,true,false,false,SM,sim.json,crop.json,site.json,true,dwd_core_ensemble,dwd_core_ensemble/csvs_dwd_core_ensemble,MPI-M-MPI-ESM-LR,MPI-CSC-REMO2009,rcp45,r2i1p1,v1,1970-01-01,2099-12-31,false,false,true,true,true,false,false,false,false,true,false,false,false,,,
197,true,true,false,false,WW,sim.json,crop.json,site.json,true,dwd_core_ensemble,dwd_core_ensemble/csvs_dwd_core_ensemble,MPI-M-MPI-ESM-LR,MPI-CSC-REMO2009,rcp85,r2i1p1,v1,1970-01-01,2099-12-31,false,false,true,true,true,false,false,false,false,true,false,false,false,,,
198,true,true,false,false,WG,sim.json,crop.json,site.json,true,dwd_core_ensemble,dwd_core_ensemble/csvs_dwd_core_ensemble,MPI-M-MPI-ESM-LR,MPI-CSC-REMO2009,rcp85,r2i1p1,v1,1970-01-01,2099-12-31,false,false,true,true,true,false,false,false,false,true,false,false,false,,,
199,true,true,false,false,WR,sim.json,crop.json,site.json,true,dwd_core_ensemble,dwd_core_ensemble/csvs_dwd_core_ensemble,MPI-M-MPI-ESM-LR,MPI-CSC-REMO2009,rcp85,r2i1p1,v1,1970-01-01,2099-12-31,false,false,true,true,true,false,false,false,false,true,false,false,false,,,
200,true,true,false,false,SM,sim.json,crop.json,site.json,true,dwd_core_ensemble,dwd_core_ensemble/csvs_dwd_core_ensemble,MPI-M-MPI-ESM-LR,MPI-CSC-REMO2009,rcp85,r2i1p1,v1,1970-01-01,2099-12-31,false,false,true,true,true,false,false,false,false,true,false,false,false,,,
201,true,true,false,false,WW,sim.json,crop.json,site.json,true,dwd_core_ensemble,dwd_core_ensemble/csvs_dwd_core_ensemble,MPI-M-MPI-ESM-LR,UHOH-WRF361H,rcp85,r1i1p1,v1,1970-01-01,2099-12-31,false,false,true,true,true,false,false,false,false,true,false,false,false,,,
202,true,true,false,false,WG,sim.json,crop.json,site.json,true,dwd_core_ensemble,dwd_core_ensemble/csvs_dwd_core_ensemble,MPI-M-MPI-ESM-LR,UHOH-WRF361H,rcp85,r1i1p1,v1,1970-01-01,2099-12-31,false,false,true,true,true,false,false,false,false,true,false,false,false,,,
203,true,true,false,false,WR,sim.json,crop.json,site.json,true,dwd_core_ensemble,dwd_core_ensemble/csvs_dwd_core_ensemble,MPI-M-MPI-ESM-LR,UHOH-WRF361H,rcp85,r1i1p1,v1,1970-01-01,2099-12-31,false,false,true,true,true,false,false,false,false,true,false,false,false,,,
204,true,true,false,false,SM,sim.json,crop.json,site.json,true,dwd_core_ensemble,dwd_core_ensemble/csvs_dwd_core_ensemble,MPI-M-MPI-ESM-LR,UHOH-WRF361H,rcp85,r1i1p1,v1,1970-01-01,2099-12-31,false,false,true,true,true,false,false,false,false,true,false,false,false,,,
301,true,false,false,false,WW,sim.json,crop.json,site.json,true,dwd_core_ensemble,dwd_core_ensemble/csvs_dwd_core_ensemble,CCCma-CanESM2,CLMcom-CCLM4-8-17,rcp85,r1i1p1,v1,1970-01-01,2099-12-31,false,false,true,true,true,false,false,false,false,true,true,false,false,,,
302,true,false,false,false,WG,sim.json,crop.json,site.json,true,dwd_core_ensemble,dwd_core_ensemble/csvs_dwd_core_ensemble,CCCma-CanESM2,CLMcom-CCLM4-8-17,rcp85,r1i1p1,v1,1970-01-01,2099-12-31,false,false,true,true,true,false,false,false,false,true,true,false,false,,,
303,true,false,false,false,WR,sim.json,crop.json,site.json,true,dwd_core_ensemble,dwd_core_ensemble/csvs_dwd_core_ensemble,CCCma-CanESM2,CLMcom-CCLM4-8-17,rcp85,r1i1p1,v1,1970-01-01,2099-12-31,false,false,true,true,true,false,false,false,false,true,true,false,false,,,
304,false,false,false,false,WRa,sim.json,crop.json,site.json,true,dwd_core_ensemble,dwd_core_ensemble/csvs_dwd_core_ensemble,CCCma-CanESM2,CLMcom-CCLM4-8-17,rcp85,r1i1p1,v1,1970-01-01,2099-12-31,false,false,true,true,true,false,false,false,false,true,true,false,false,,,
305,false,false,false,false,SG,sim.json,crop.json,site.json,true,dwd_core_ensemble,dwd_core_ensemble/csvs_dwd_core_ensemble,CCCma-CanESM2,CLMcom-CCLM4-8-17,rcp85,r1i1p1,v1,1970-01-01,2099-12-31,false,false,true,true,true,false,false,false,false,true,true,false,false,,,
306,true,false,false,false,ZR,sim.json,crop.json,site.json,true,dwd_core_ensemble,dwd_core_ensemble/csvs_dwd_core_ensemble,CCCma-CanESM2,CLMcom-CCLM4-8-17,rcp85,r1i1p1,v1,1970-01-01,2099-12-31,false,false,true,true,true,false,false,false,false,true,true,false,false,,,
307,true,false,false,false,SM,sim.json,crop.json,site.json,true,dwd_core_ensemble,dwd_core_ensemble/csvs_dwd_core_ensemble,CCCma-CanESM2,CLMcom-CCLM4-8-17,rcp85,r1i1p1,v1,1970-01-01,2099-12-31,false,false,true,true,true,false,false,false,false,true,true,false,false,,,
308,false,false,false,false,KA,sim.json,crop.json,site.json,true,dwd_core_ensemble,dwd_core_ensemble/csvs_dwd_core_ensemble,CCCma-CanESM2,CLMcom-CCLM4-8-17,rcp85,r1i1p1,v1,1970-01-01,2099-12-31,false,false,true,true,true,false,false,false,false,true,true,false,false,,,
401,true,true,false,false,WW,sim_test.json,crop.json,site.json,true,dwd_core_ensemble,dwd_core_ensemble/csvs_dwd_core_ensemble,CCCma-CanESM2,CLMcom-CCLM4-8-17,rcp85,r1i1p1,v1,1970-01-01,2099-12-31,false,false,true,true,true,false,false,false,false,true,true,false,false,,,
402,true,true,false,false,WG,sim_test.json,crop.json,site.json,true,dwd_core_ensemble,dwd_core_ensemble/csvs_dwd_core_ensemble,CCCma-CanESM2,CLMcom-CCLM4-8-17,rcp85,r1i1p1,v1,1970-01-01,2099-12-31,false,false,true,true,true,false,false,false,false,true,true,false,false,,,
403,true,true,false,false,WR,sim_test.json,crop.json,site.json,true,dwd_core_ensemble,dwd_core_ensemble/csvs_dwd_core_ensemble,CCCma-CanESM2,CLMcom-CCLM4-8-17,rcp85,r1i1p1,v1,1970-01-01,2099-12-31,false,false,true,true,true,false,false,false,false,true,true,false,false,,,
404,false,true,false,false,WRa,sim_test.json,crop.json,site.json,true,dwd_core_ensemble,dwd_core_ensemble/csvs_dwd_core_ensemble,CCCma-CanESM2,CLMcom-CCLM4-8-17,rcp85,r1i1p1,v1,1970-01-01,2099-12-31,false,false,true,true,true,false,false,false,false,true,true,false,false,,,
405,false,true,false,false,SG,sim_test.json,crop.json,site.json,true,dwd_core_ensemble,dwd_core_ensemble/csvs_dwd_core_ensemble,CCCma-CanESM2,CLMcom-CCLM4-8-17,rcp85,r1i1p1,v1,1970-01-01,2099-12-31,false,false,true,true,true,false,false,false,false,true,true,false,false,,,
406,true,true,false,false,ZR,sim_test.json,crop.json,site.json,true,dwd_core_ensemble,dwd_core_ensemble/csvs_dwd_core_ensemble,CCCma-CanESM2,CLMcom-CCLM4-8-17,rcp85,r1i1p1,v1,1970-01-01,2099-12-31,false,false,true,true,true,false,false,false,false,true,true,false,false,,,
407,true,true,false,false,SM,sim_test.json,crop.json,site.json,true,dwd_core_ensemble,dwd_core_ensemble/csvs_dwd_core_ensemble,CCCma-CanESM2,CLMcom-CCLM4-8-17,rcp85,r1i1p1,v1,1970-01-01,2099-12-31,false,false,true,true,true,false,false,false,false,true,true,false,false,,,
408,false,true,false,false,KA,sim_test.json,crop.json,site.json,true,dwd_core_ensemble,dwd_core_ensemble/csvs_dwd_core_ensemble,CCCma-CanESM2,CLMcom-CCLM4-8-17,rcp85,r1i1p1,v1,1970-01-01,2099-12-31,false,false,true,true,true,false,false,false,false,true,true,false,false,,,
501,true,true,false,false,WW,sim.json,crop.json,site.json,true,dwd_core_ensemble,dwd_core_ensemble/csvs_dwd_core_ensemble,CCCma-CanESM2,CLMcom-CCLM4-8-17,rcp85,r1i1p1,v1,1970-01-01,2099-12-31,true,false,true,true,true,false,false,false,false,true,false,false,false,,,
502,true,true,false,false,WG,sim.json,crop.json,site.json,true,dwd_core_ensemble,dwd_core_ensemble/csvs_dwd_core_ensemble,CCCma-CanESM2,CLMcom-CCLM4-8-17,rcp85,r1i1p1,v1,1970-01-01,2099-12-31,true,false,true,true,true,false,false,false,false,true,false,false,false,,,
503,true,true,false,false,WR,sim.json,crop.json,site.json,true,dwd_core_ensemble,dwd_core_ensemble/csvs_dwd_core_ensemble,CCCma-CanESM2,CLMcom-CCLM4-8-17,rcp85,r1i1p1,v1,1970-01-01,2099-12-31,true,false,true,true,true,false,false,false,false,true,false,false,false,,,
504,false,true,false,false,WRa,sim.json,crop.json,site.json,true,dwd_core_ensemble,dwd_core_ensemble/csvs_dwd_core_ensemble,CCCma-CanESM2,CLMcom-CCLM4-8-17,rcp85,r1i1p1,v1,1970-01-01,2099-12-31,true,false,true,true,true,false,false,false,false,true,false,false,false,,,
505,false,true,false,false,SG,sim.json,crop.json,site.json,true,dwd_core_ensemble,dwd_core_ensemble/csvs_dwd_core_ensemble,CCCma-CanESM2,CLMcom-CCLM4-8-17,rcp85,r1i1p1,v1,1970-01-01,2099-12-31,true,false,true,true,true,false,false,false,false,true,false,false,false,,,
506,true,true,false,false,ZR,sim.json,crop.json,site.json,true,dwd_core_ensemble,dwd_core_ensemble/csvs_dwd_core_ensemble,CCCma-CanESM2,CLMcom-CCLM4-8-17,rcp85,r1i1p1,v1,1970-01-01,2099-12-31,true,false,true,true,true,false,false,false,false,true,false,false,false,,,
507,true,true,false,false,SM,sim.json,crop.json,site.json,true,dwd_core_ensemble,dwd_core_ensemble/csvs_dwd_core_ensemble,CCCma-CanESM2,CLMcom-CCLM4-8-17,rcp85,r1i1p1,v1,1970-01-01,2099-12-31,true,false,true,true,true,false,false,false,false,true,false,false,false,,,
508,false,true,false,false,KA,sim.json,crop.json,site.json,true,dwd_core_ensemble,dwd_core_ensemble/csvs_dwd_core_ensemble,CCCma-CanESM2,CLMcom-CCLM4-8-17,rcp85,r1i1p1,v1,1970-01-01,2099-12-31,true,false,true,true,true,false,false,false,false,true,false,false,false,,,
